,,,,,,,,,,,,,,,,,,,,,,,,
Date Announced,Target Ultimate Parent Nation,"Deal Value
(USD, Millions)",Target Ultimate Parent,Target Ultimate Parent's SEDOL,Target Full Name,Target Ultimate Parent Public Status,Target Ultimate Parent Primary SIC,"Target Ultimate Parent SIC
('|')",Target Macro Industry,Target Mid Industry,Target Nation,Acquiror Ultimate Parent,Acquiror Ultimate Parent's SEDOL,Acquiror Full Name,Acquiror's SEDOL,Acquiror Macro Industry,Acquiror Mid Industry,Acquiror Nation,"Target Financial Advisors Name
('|')","Acquiror Financial Advisors Name
('|')","Acquisition Techniques
('|')",Deal Synopsis,Target Ultimate Parent Primary Stock Exchange,
24/12/2025,United Kingdom,76.10,Tesco PLC,BLGZ986,Tesco PLC - Supermarket,Public,Grocery stores,"Miscellaneous general merchandise stores|Direct selling establishments|Packaged frozen foods|Information retrieval services|Meat and fish markets, incl. freezer provisioners|Grocery stores|Insurance agents, brokers, and service|Catalog and mail-order houses|Groceries, general line|Fruit and vegetable markets",Retail,Food & Beverage Retailing,United Kingdom,Supermarket Income REIT Plc,BF345X1,Supermarket Income REIT Plc,BF345X1,Real Estate,REITs,United Kingdom,,Stifel Nicolaus Europe Ltd|Goldman Sachs International,Divestiture,"UK - Supermarket Income REIT Plc acquired supermarket of Tesco PLC, a London-based lessor of nonresidential buildings, for a total GBP 56.3 mil (USD 76.095 mil). Concurrently, Supermarket Income REIT Plc acquired supermarket of J Sainsbury PLC, a London-based supermarket operator, for a total GBP 33.8 mil (USD 45.684 mil).",London,x
24/12/2025,United Kingdom,45.68,J Sainsbury PLC,B019KW7,J Sainsbury PLC - Supermarket,Public,Grocery stores,"Grocery stores|Misc business credit|Retail nurseries, lawn and garden supply stores|Hardware stores|Groceries, general line|Personal credit institutions|Real estate investment trusts",Retail,Food & Beverage Retailing,United Kingdom,Supermarket Income REIT Plc,BF345X1,Supermarket Income REIT Plc,BF345X1,Real Estate,REITs,United Kingdom,,Stifel Nicolaus Europe Ltd|Goldman Sachs International,Divestiture,"UK - Supermarket Income REIT Plc acquired supermarket of J Sainsbury PLC, a London-based lessor of nonresidential buildings, for a total GBP 33.8 mil (USD 45.684 mil). Concurrently, Supermarket Income REIT Plc acquired supermarket of Waitrose Ltd, a Bracknell-based supermarket operator, owned by John Lewis Partnership PLC, for a total GBP 7.6 mil (USD 10.272 mil).",London,x
29/07/2025,United Kingdom,32.05,WH Smith PLC,B2PDGW1,Funkypigeon.Com Ltd,Public,Book stores,"Periodicals: publishing, or publishing & printing|Groceries, general line|Information retrieval services|Catalog and mail-order houses|Industrial and personal service paper|Stationery stores|Durable goods, nec|Record and prerecorded tape stores|Printing and writing paper|Plastics materials and basic forms and shapes|Greeting cards|Stationery and office supplies|Newspapers: publishing, or publishing & printing|Miscellaneous publishing|Books, periodicals, and newspapers|Office equipment|Industrial supplies|Books: publishing, or publishing & printing|News dealers and newsstands|Grocery stores|Computer related services, nec|Professional equipment and supplies, nec|Retail stores, nec|Book stores",Retail,Other Retailing,United Kingdom,Card Factory PLC,BLY2F70,Card Factory PLC,BLY2F70,Retail,Other Retailing,United Kingdom,Mizuho Bank Ltd,,Divestiture,"UK - Card Factory PLC acquired the entire share capital of Funkypigeon.Com Ltd, gift and novelty store operator, from WH Smith PLC, for a total GBP 24 mil (USD 32.052 mil).",London,x
10/06/2025,United Kingdom,81.28,Oxford Instruments PLC,0665045,Oxford Instruments PLC - Quantum Business NanoScience,Public,X-Ray apparatus & tubes & other irradiation equip.,"Medical, dental, and hospital equipment & supplies|Offices of holding companies, nec|X-Ray apparatus & tubes & other irradiation equip.|Process control instruments|Measuring & controlling devices|Industrial machinery and equipment",Healthcare,Biotechnology,United Kingdom,Quantum Design Inc,,Quantum Design Inc,,Industrials,Other Industrials,United States,Kroll Corporate Finance Ltd,,Divestiture,"UK - Quantum Design Inc of the US planned to acquire quantum business nanoscience of Oxford Instruments PLC, an Abingdon-based manufacturer of irradiation apparatuses, for a total GBP 60 mil (USD 81.282 mil).",London,x
27/05/2025,United Kingdom,121.00,Elementis PLC,0241854,Elementis PLC-Talc Business,Public,Inorganic pigments,"Industrial organic chemicals, nec|Offices of holding companies, nec|Chemicals and chemical preparations, nec|Inorganic pigments|Industrial inorganic chemicals, nec",Materials,Chemicals,United Kingdom,IMI FABI SpA,,IMI FABI SpA,,Materials,Metals & Mining,Italy,Rothschild & Co,Mediobanca,Divestiture,"UK - IMI FABI SpA of Italy acquired talc business of Elementis PLC, a London-based manufacturer of pigments, for a total GBP 89.213 mil (USD 121 mil).",London,x
14/05/2025,United Kingdom,133.04,Persimmon PLC,0682538,Fibrenest Ltd,Public,"Residential construction, nec","Residential construction, nec|Land subdividers and developers, except cemeteries|Real estate agents and managers",Telecommunications,Telecommunications Services,United Kingdom,Brookfield Corp,BP95GG8,Buuk Infrastructure Uk No 2 Ltd,,Energy and Power,Power,United Kingdom,,,Divestiture,"UK - Buuk Infrastructure Uk No 2 Ltd, a unit of Brookfield Infrastructure Partners LP, agreed to acquire Fibrenest Ltd, an York-based wired telecommunications carrier, from Persimmon PLC, for a total GBP 100 mil (USD 133.04 mil).",London,x
01/05/2025,United Kingdom,31.98,Travis Perkins PLC,BK9RKT0,Staircraft Group Ltd,Public,"Lumber, plywood, millwork, and wood panels","Brick, stone, and related construction materials|Lumber, plywood, millwork, and wood panels|Construction materials, nec",Industrials,Building/Construction & Engineering,United Kingdom,Gait Consulting Ltd,,Gait Consulting Ltd,,Financials,Other Financials,United Kingdom,,,Divestiture,"UK - Gait Consulting Ltd acquired Staircraft Group Ltd, an Exhall-based manufacturer of wood windows and doors, from Travis Perkins PLC, for a total GBP 24 mil (USD 31.982 mil).",London,x
18/11/2024,United Kingdom,62.71,J Sainsbury PLC,B019KW7,J Sainsbury PLC-Sainsbury's Omnichannel Supermarket,Public,Grocery stores,"Hardware stores|Grocery stores|Misc business credit|Retail nurseries, lawn and garden supply stores|Groceries, general line|Personal credit institutions|Real estate investment trusts",Retail,Food & Beverage Retailing,United Kingdom,Supermarket Income REIT Plc,BF345X1,Supermarket Income REIT Plc,BF345X1,Real Estate,REITs,United Kingdom,,,Divestiture,"UK - Supermarket Income REIT Plc, a unit of JTC Global AIFM Solutions Ltd, acquired sainsbury's omnichannel supermarket of J Sainsbury PLC, a London-based supermarket operator, for a total GBP 49.7 mil (USD 62.706 mil).",London,x
31/10/2024,United Kingdom,65.33,J Sainsbury PLC,B019KW7,Home Retail Group Plc-Argos Credit Cards Portfolio,Public,Grocery stores,"Retail nurseries, lawn and garden supply stores|Personal credit institutions|Real estate investment trusts|Hardware stores|Groceries, general line|Grocery stores|Misc business credit",Financials,Banks,United Kingdom,Newday Group Ltd,,Newday Group Ltd,,Financials,Other Financials,United Kingdom,UBS Investment Bank,,Divestiture,"UK - Newday Group Ltd acquired GBP 720 mil (USD 933.264 mil) argos credit cards portfolio of Home Retail Group Plc, a Milton Keynes-based merchandise store operator, ultimately owned by J Sainsbury PLC, for a total GBP 50.4 mil (USD 65.328 mil). The deal was valued based on the 7% standard capitalization rate.",London,x
15/10/2024,United Kingdom,150.18,Segro PLC,B5ZN1N8,Segro Plc-Segro Park Victoria Road,Public,General warehousing and storage,Real estate investment trusts|General warehousing and storage,Real Estate,Non Residential,United Kingdom,Imperial College London Ltd,,Imperial College London Ltd,,Consumer Products and Services,Educational Services,United Kingdom,,,Divestiture,"UK - Imperial College London Ltd acquired segro park victoria road of Segro Plc, a London-based lessor of miniwarehouses and self-storage units, for a total GBP 115 mil (USD 150.179 mil).",London,x
13/09/2024,United Kingdom,826.75,National Grid plc,BDR05C0,National Grid Electricity System Operator Ltd,Public,Electric services,"Electric and other services combined|Natural gas transmission and distribution|Gas and other services combined|Electric services|Natural gas transmission|Offices of holding companies, nec|Combination utilities, nec|Gas production and/or distribution|Natural gas distribution",Energy and Power,Power,United Kingdom,United Kingdom of Great Britain & Northern Ireland,,United Kingdom of Great Britain & Northern Ireland,,Government and Agencies,National Government,United Kingdom,UBS Investment Bank,BofA Securities Inc,Divestiture,"UK - The UK state-owned United Kingdom Of Great Britain & Northern Ireland acquired National Grid Electricity System Operator Ltd, electric power distributor, from National Grid Holdings One PLC, ultimately owned by National Grid PLC, for GBP 630 mil (USD 826.749 mil).",London,x
17/06/2024,United Kingdom,299.29,International Consolidated Airlines Group SA,B5M6XQ7,British Airways Pension Trustees Ltd-Mixed Portfolio Assets(7),Public,"Air transportation, scheduled","Air courier services|Air transportation, scheduled|Air transportation, nonscheduled",Real Estate,Non Residential,United Kingdom,Sterling Property Ventures Ltd,,Sterling Property Ventures Ltd,,Real Estate,Other Real Estate,United Kingdom,,,Divestiture|Property Acquisition,"UK - Sterling Property Ventures Ltd acquired 7 mixed portfolio assets of British Airways Pension Trustees Ltd, a Hounslow-based provider of insurance and pension funds administration services, owned by British Airways PLC, for GBP 236 mil (USD 299.295 mil).",London,x
29/05/2024,United Kingdom,23.35,Fuller Smith & Turner PLC,B1YPC34,Fuller Smith & Turner PLC-Tenanted Inns Division Pubs Portfolio(37),Public,Drinking places (alcoholic beverages),"Chemicals and allied products, nec|Greeting cards|Books: publishing, or publishing & printing|Construction & mining (except petroleum) machinery|Paints, varnishes, and supplies|Industrial machinery and equipment|Nondurable goods, nec|Membership-basis organization hotels|Industrial supplies|Newspapers: publishing, or publishing & printing|Service establishment equipment and supplies|Piece goods, notions, and other dry goods|Tobacco and tobacco products|Construction materials, nec|Automobiles and other motor vehicles|Groceries and related products, nec|Automotive parts, supplies|Tires and tubes|Motor vehicle parts, used|Photographic equipment and supplies|Flowers, nursery stock, and florists' supplies|Grain and field beans|Farm supplies|Books, periodicals, and newspapers|Fresh fruits and vegetables|Roofing, siding, and insulation materials|Transportation equipment, except motor vehicles|Farm-product raw materials, nec|Livestock|Farm and garden machinery and equipment|Furniture|Business services, nec|Office equipment|Computers and peripheral equipment and software|Meats and meat products|Commercial equipment, nec|Medical, dental, and hospital equipment & supplies|Ophthalmic goods|Plastics materials and basic forms and shapes|Hotels and motels|Packaged frozen foods|Drinking places (alcoholic beverages)|Liquor stores|Electrical apparatus and equip|Electrical appliances, television and radio sets|Men's and boys' clothing and furnishings|Electronic parts and equipment, nec|Women's and children's clothing and accessories|Petroleum and petroleum products wholesalers, nec|Fish and seafoods|Printing and writing paper|Stationery and office supplies|Footwear|Industrial and personal service paper|Distilled and blended liquors|Jewelry, watches, and precious stones and metals|Miscellaneous publishing|Poultry and poultry products|Durable goods, nec|Wine and distilled alcoholic beverages|Coal and other minerals and ores|Professional equipment and supplies, nec|Dairy products, except dried or canned|Plumbing & heating equipment & supplies(hydronics)|Malt beverages|Scrap and waste materials|Toys and hobby goods and supplies|Home furnishings|Information retrieval services|Offices of holding companies, nec|Warm air heating and air-conditioning equipment|Confectionery|Sporting and recreational goods and supplies|Hardware|Computer related services, nec|Groceries, general line|Metals service centers and offices|Brick, stone, and related construction materials|Lumber, plywood, millwork, and wood panels|Wines, brandy, and brandy spirits|Drugs, drug proprietaries, and druggists' sundries|Periodicals: publishing, or publishing & printing|Refrigeration equipment and supplies|Beer and ale",Retail,Food & Beverage Retailing,United Kingdom,Proprium Capital Partners LP,,Admiral Taverns Ltd,,Retail,Food & Beverage Retailing,United Kingdom,Sapient Corporate Finance|Instinctif Partners Ltd,,Divestiture|Financial Acquiror,"UK - Admiral Taverns Ltd, a unit of Proprium Capital Partners LP, acquired 37 tenanted inns division pubs portfolio of Fuller Smith & Turner PLC, a London-based drinking place operator, for a total GBP 18.3 mil (USD 23.351 mil).",London,x
15/04/2024,United Kingdom,430.77,Inchcape PLC,B61TVQ0,Inchcape PLC-UK Retail operations,Public,Motor vehicle dealers (new and used),"Offices of holding companies, nec|Insurance agents, brokers, and service|Motor vehicle dealers (new and used)",Retail,Automotive Retailing,United Kingdom,Group 1 Automotive Inc,2121352,Group 1 Automotive UK Ltd,,Retail,Automotive Retailing,United Kingdom,Rothschild & Co,JP Morgan,Divestiture,"UK - Group 1 Automotive UK Ltd, a unit of Group 1 Automotive Inc, acquired UK retail operations of Inchcape PLC (Inchcape), a London-based new car dealer, for GBP 346 mil (USD 430.77 mil) in cash. Originally on January 2024, Inchcape was searching for a buyer.",London,x
31/03/2024,United Kingdom,12.59,Spire Healthcare Group PLC,BNLPYF7,Spire Tunbridge Wells Hospital,Public,General medical and surgical hospitals,General medical and surgical hospitals|Medical laboratories|Offices and clinics of doctors of medicine,Healthcare,Hospitals,United Kingdom,Maidstone & Tunbridge Wells NHS Trust,,Maidstone & Tunbridge Wells NHS Trust,,Healthcare,Hospitals,United Kingdom,,,Divestiture,"UK - Maidstone & Tunbridge Wells NHS Trust acquired Spire Tunbridge Wells Hospital, a Fordcombe-based hospital operator, from Spire Healthcare Group PLC, for a total GBP 9.975 mil (USD 12.591 mil).",London,x
22/03/2024,United Kingdom,113.90,James Fisher & Sons PLC,0339500,RMSpumptols Ltd,Public,Marine cargo handling,"Business services, nec|Deep sea domestic transportation of freight|Deep sea foreign transportation of freight|Freight transportation on the Great Lakes|Management consulting services|Inspection and fixed facilities for motor vehicles|Water transportation of freight, nec|Arrangement of transportation of freight and cargo|Water transportation services, nec|Towing and tugboat services|Misc personal services|Ship building and repairing|Repair shops and related services, nec|Marine cargo handling|Services, nec",Energy and Power,Oil & Gas,United Kingdom,ChampionX Corp,BMW7N69,ChampionX UK Ltd,,Energy and Power,Oil & Gas,United Kingdom,Gleacher Shacklock LLP|Peel Hunt LLP|Investec Bank PLC,,Divestiture,"UK - ChampionX UK Ltd, a unit of ChampionX Corp, acquired the entire share capital of RMSpumptols Ltd, a Dyce-based manufacturer of oil and gas field machinery and equipment, from James Fisher Holdings UK Ltd, ultimately owned by James Fisher & Sons PLC, for GBP 90 mil (USD 113.904 mil) in cash.",London,x
04/03/2024,United Kingdom,26.31,Tt Electronics PLC,0871176,TT Electronics IoT Solutions Ltd,Public,"Electronic coils, transformers, & other inductors","Electronic components, nec|Offices of holding companies, nec|Semiconductors and related devices|Mechanical power transmission equipment, nec|Motors and generators|Electronic coils, transformers, & other inductors|Search, detection, and navigation equipment|Environmental controls|Armature rewinding shops",Materials,Other Materials,United Kingdom,Cicor Technologies SA,5451302,Cicor Technologies SA,5451302,High Technology,Electronics,Switzerland,,,Divestiture,"UK - Cicor Technologies SA of Switzerland acquired TT Electronics IoT Solutions Ltd, manufacturer of electronic components, from TT Electronics PLC, for a total GBP 20.8 mil (USD 26.312 mil).",London,x
10/08/2023,United Kingdom,46.42,Capita PLC,BPCT753,Capita Plc-Travel And Events Businesses,Public,Management consulting services,"Pension, health, and welfare funds|Business consulting services, nec|Prepackaged Software|Business services, nec|Computer related services, nec|Insurance agents, brokers, and service|Management consulting services|Security and commodity services, nec|Data processing services|Investment advice|Employment agencies",Consumer Products and Services,Travel Services,United Kingdom,Seera Group Holding Co,B6WTLK3,Clarity Travel Ltd,,Consumer Products and Services,Travel Services,United Kingdom,,BDO,Divestiture,"UK - Clarity Travel Ltd, a unit of The Portman Travel Group Ltd, planned to acquire travel and events businesses of Capita Plc, a London-based provider of administrative management and general management consulting services, for a total GBP 36.5 mil (USD 46.421 mil).",London,x
13/07/2023,United Kingdom,55.19,XPS Pensions Group PLC,BDDN1T2,XPS Pensions (Nexus) Ltd,Public,"Business consulting services, nec","Business consulting services, nec|Pension, health, and welfare funds|Investment advice",Consumer Products and Services,Professional Services,United Kingdom,SEI Investments Co,2793610,SEI Investments (Europe) Ltd,,Financials,Asset Management,United Kingdom,,,Divestiture,"UK - SEI Investments (Europe) Ltd, a unit of SEI Investments Co, agreed to acquire XPS Pensions (Nexus) Ltd, a Reading-based provider of management consulting services, from XPS Pensions Group PLC, for an estimated GBP 42.5 mil (USD 55.191 mil). The Consideration consist of an estimated up to GBP 35 mil (USD 45.451 mil) in cash and GBP 7.5 mil (USD 9.74 mil) in profit-related payments.",London,x
08/06/2023,United Kingdom,54.71,Capita PLC,BPCT753,CHKS Ltd,Public,Management consulting services,"Pension, health, and welfare funds|Investment advice|Business consulting services, nec|Management consulting services|Insurance agents, brokers, and service|Business services, nec|Computer related services, nec|Security and commodity services, nec|Prepackaged Software|Employment agencies|Data processing services",Healthcare,Healthcare Providers & Services (HMOs),United Kingdom,AdvancedADVT Ltd,BMYLGW6,AdvancedADVT Ltd,BMYLGW6,High Technology,Software,United Kingdom,,Singer Capital Markets Ltd,Divestiture,"UK - Advancedadvt Ltd acquired CHKS Ltd, a London-based provider of ambulatory health care services, from The Capita Group PLC, ultimately owned by Capita PLC, for a total GBP 44 mil (USD 54.71 mil).Concurrently Advt planned to acquire Capita IB Solutions (Ireland) Ltd, Capita Retain Ltd, Capita Retain USA LLC, Synaptic Software Ltd and Capita Workforce Management Ltd.",London,x
14/03/2023,United Kingdom,34.47,J Sainsbury PLC,B019KW7,J Sainsbury PLC-Stores(4),Public,Grocery stores,"Real estate investment trusts|Retail nurseries, lawn and garden supply stores|Misc business credit|Personal credit institutions|Hardware stores|Grocery stores|Groceries, general line",Retail,Food & Beverage Retailing,United Kingdom,Supermarket Income REIT Plc,BF345X1,Supermarket Income REIT Plc,BF345X1,Real Estate,REITs,United Kingdom,,Stifel Nicolaus Europe Ltd|Atrato Capital Ltd|Goldman Sachs International,Divestiture,"UK - Supermarket Income REIT Plc (SUPR), a unit of JTC Global AIFM Solutions Ltd, was granted an option to acquire 4 stores of J Sainsbury PLC (Sainsbury), a London-based supermarket operator, for a total GBP 28.3 mil (USD 34.472 mil). Concurrently, SUPR was granted an option to acquire a store from Sainsbury. Subsequently, Sainsbury acquired Sainsbury's Reversion Portfolio.",London,x
19/12/2022,United Kingdom,21.25,James Fisher & Sons PLC,0339500,James Fisher Mimic Ltd,Public,Marine cargo handling,"Management consulting services|Services, nec|Freight transportation on the Great Lakes|Misc personal services|Arrangement of transportation of freight and cargo|Water transportation services, nec|Deep sea foreign transportation of freight|Marine cargo handling|Inspection and fixed facilities for motor vehicles|Repair shops and related services, nec|Towing and tugboat services|Ship building and repairing|Business services, nec|Deep sea domestic transportation of freight|Water transportation of freight, nec",Industrials,Transportation & Infrastructure,United Kingdom,Biotek Environmental Science Ltd,,Biotek Environmental Science Ltd,,Industrials,Machinery,Taiwan,,,Divestiture,"UK - Biotek Environmental Science Ltd (Biotek) of Taiwan acquired James Fisher Mimic Ltd, a Manchester-based provider of deep sea freight transportation services, from James Fisher & Sons PLC, for a total GBP 17.5 mil (USD 21.245 mil). Concurrently, Biotek acquired Strainstall Group Ltd.",London,x
13/12/2022,United Kingdom,255.21,Synthomer PLC,BNTVWJ7,"Synthomer PLC-Laminates, Films & Coated Fabrics Businesses",Public,"Chemicals and chemical preparations, nec","Industrial organic chemicals, nec|Business services, nec|Paints, varnishes, lacquers, & allied products|Chemicals and chemical preparations, nec|Manufacturing industries, nec|Medicinal chemicals and botanical products|Pesticides and agricultural chemicals, nec|Lead pencils, crayons, and artists' materials|Industrial inorganic chemicals, nec",Materials,Paper & Forest Products,United Kingdom,SURTECO GROUP SE,5785186,Surteco North America Inc,,Materials,Paper & Forest Products,United States,JP Morgan Cazenove|Piper Sandler & Co,,Divestiture,"UK - Surteco North America Inc of the US, a unit of Surteco AG, acquired laminates, films & coated fabrics businesses of Synthomer PLC, a London-based manufacturer of chemical products and Kuala Lumpur Kepong Bhd, for a total GBP 208 mil (USD 255.216 mil) in cash.",London,x
14/11/2022,United Kingdom,71.01,Oxford BioMedica PLC,BDFBVT4,Oxford Biomedica Plc- Windrush Court,Public,Pharmaceutical preparations,"Medicinal chemicals and botanical products|Biological products, except diagnostic substances|In vitro and in vivo diagnostic substances|Pharmaceutical preparations",Healthcare,Healthcare Providers & Services (HMOs),United Kingdom,AXA SA,7088429,Kadans Holding BV,,Industrials,Building/Construction & Engineering,Netherlands,,,Divestiture,"UK - Kadans Holding BV of Netherlands, a unit of AXA Real Estate Investment Managers SA, planned to acquire windrush court of Oxford Biomedica Plc, an Oxford-based manufacturer of pharmaceutical preparation, for a total GBP 60 mil (USD 71.01 mil).",London,x
03/10/2022,United Kingdom,245.52,Essentra PLC,B074435,Essentra Filter Holdings Ltd,Public,"Plastics products, nec","Offices of holding companies, nec|Plastics products, nec|Plastics materials and basic forms and shapes|Manmade organic fibers, except cellulosic",Financials,Other Financials,United Kingdom,Centaury Management Ltd,,Frank Acquisition Four Ltd,,Financials,Other Financials,United Kingdom,Lazard|Peel Hunt LLP|Goldman Sachs International,,Divestiture,"UK - Frank Acquisition Four Ltd, a unit of Centaury Management Ltd, acquired Essentra Filter Holdings Ltd, a Kidlington-based provider of financial investment services, from Essentra International Ltd, ultimately owned by Essentra PLC, for a total GBP 220 mil (USD 245.52 mil). The consideration was to consist of GBP 200 mil (USD 223.2 mil) and up to GBP 20 mil (USD 22.32 mil) in profit-related payments.",London,x
21/09/2022,United Kingdom,568.95,J Sainsbury PLC,B019KW7,J Sainsbury Plc-Supermarket Stores(18),Public,Grocery stores,"Real estate investment trusts|Grocery stores|Retail nurseries, lawn and garden supply stores|Misc business credit|Groceries, general line|Personal credit institutions|Hardware stores",Retail,Food & Beverage Retailing,United Kingdom,Alvarium Investments Ltd,,LXi REIT PLC,BYQ46T4,Real Estate,REITs,United Kingdom,,,Divestiture,"UK - LXi REIT PLC, a unit of Alvarium Fund Managers (UK) Ltd, withdrew its plans to acquire 18 supermarket stores of J Sainsbury Plc, a London-based supermarket operator, for an estimated GBP 500 mil (USD 568.95 mil).",London,x
02/08/2022,United Kingdom,73.49,Capita PLC,BPCT753,GL Hearn Ltd,Public,Management consulting services,"Computer related services, nec|Business consulting services, nec|Security and commodity services, nec|Data processing services|Insurance agents, brokers, and service|Business services, nec|Employment agencies|Prepackaged Software|Pension, health, and welfare funds|Investment advice|Management consulting services",Real Estate,Real Estate Management & Development,United Kingdom,WSP Global Inc,BHR3R21,WSP Global Inc,BHR3R21,Industrials,Building/Construction & Engineering,Canada,Deloitte Corporate Finance Ltd,,Divestiture,"UK - WSP Global Inc (WSP) of Canada acquired GL Hearn Ltd, a London-based real estate agency, from Capita PLC (Capita). Concurrently, WSP acquired Capita Real Estate & Infrastructure Ltd, a London-based commercial building constructor, from Capita, Both the transactions, had a combined value of GBP 60 mil (USD 73.488 mil).",London,x
12/07/2022,United Kingdom,118.89,United Utilities Group PLC,B39J2M4,United Utilities Renewable Energy Ltd,Public,Water supply,"Refuse systems|Water supply|Sanitary services, nec",Energy and Power,Alternative Energy Sources,United Kingdom,SDCL Energy Efficiency Income Trust PLC,BGHVZM4,SDCL Energy Efficiency Income Trust PLC,BGHVZM4,Financials,Other Financials,United Kingdom,RBC Capital Markets,,Divestiture,"UK - SDCL Energy Efficiency Income Trust PLC agreed to acquire United Utilities Renewable Energy Ltd, alternative energy sources establishment, from United Utilities PLC, ultimately owned by United Utilities Group PLC, for a total GBP 100 mil (USD 118.89 mil). Originally, United Utilities PLC, announced that it was seeking a buyer for its United Utilities Renewable Energy Ltd unit.",London,x
24/06/2022,United Kingdom,382.51,Essentra PLC,B074435,Esnt Packaging & Securing Solutions Ltd,Public,"Plastics products, nec","Offices of holding companies, nec|Plastics products, nec|Plastics materials and basic forms and shapes|Manmade organic fibers, except cellulosic",Financials,Other Financials,United Kingdom,Mayr-Melnhof Karton AG,4563640,Mayr-Melnhof Packaging International GmbH,,Materials,Paper & Forest Products,Austria,Lazard|Credit Suisse Intl,Barclays,Divestiture,"UK - Mayr-Melnhof Packaging International GmbH of Austria, a unit of Mayr-Melnhof Karton AG, acquired the entire share capital of Esnt Packaging & Securing Solutions Ltd, an Oxford-based plastics materials, basic forms and shapes wholesaler, from Essentra International Ltd, ultimately owned by Essentra PLC, for GBP 312 mil (USD 382.512 mil) in cash. The transaction was to include Essentra Packaging US Inc.",London,x
26/05/2022,United Kingdom,62.82,Johnson Matthey PLC,BZ4BQC7,Johnson Matthey PLC-Battery Materials Business,Public,"Industrial inorganic chemicals, nec","Construction & mining (except petroleum) machinery|Refrigeration equipment and supplies|Coal and other minerals and ores|Lead pencils, crayons, and artists' materials|Groceries, general line|Pesticides and agricultural chemicals, nec|Electrical apparatus and equip|Office equipment|Durable goods, nec|Photographic equipment and supplies|Dairy products, except dried or canned|Professional equipment and supplies, nec|Industrial supplies|Farm supplies|Packaged frozen foods|Drugs, drug proprietaries, and druggists' sundries|Scrap and waste materials|Hardware|Toys and hobby goods and supplies|Petroleum and petroleum products wholesalers, nec|Automobiles and other motor vehicles|Confectionery|Poultry and poultry products|Roofing, siding, and insulation materials|Computers and peripheral equipment and software|Jewelry, watches, and precious stones and metals|Medical, dental, and hospital equipment & supplies|Sporting and recreational goods and supplies|Construction materials, nec|Automotive parts, supplies|Tires and tubes|Ophthalmic goods|Motor vehicle parts, used|Plumbing & heating equipment & supplies(hydronics)|Industrial machinery and equipment|Wine and distilled alcoholic beverages|Beer and ale|Commercial equipment, nec|Paints, varnishes, lacquers, & allied products|Industrial and personal service paper|Fish and seafoods|Industrial organic chemicals, nec|Transportation equipment, except motor vehicles|Service establishment equipment and supplies|Piece goods, notions, and other dry goods|Plastics materials and basic forms and shapes|Paints, varnishes, and supplies|Chemicals and allied products, nec|Chemicals and chemical preparations, nec|Industrial inorganic chemicals, nec|Farm and garden machinery and equipment|Metals service centers and offices|Warm air heating and air-conditioning equipment|Manufacturing industries, nec|Furniture|Nondurable goods, nec|Groceries and related products, nec|Brick, stone, and related construction materials|Books, periodicals, and newspapers|Flowers, nursery stock, and florists' supplies|Footwear|Grain and field beans|Women's and children's clothing and accessories|Electronic parts and equipment, nec|Lumber, plywood, millwork, and wood panels|Livestock|Men's and boys' clothing and furnishings|Business services, nec|Tobacco and tobacco products|Printing and writing paper|Home furnishings|Electrical appliances, television and radio sets|Farm-product raw materials, nec|Stationery and office supplies|Meats and meat products|Fresh fruits and vegetables",Energy and Power,Other Energy & Power,United Kingdom,EV Metals Group PLC,,EV Metals Group PLC,,Materials,Chemicals,United Kingdom,Ernst & Young PLC,,Divestiture,"UK - EV Metals Group PLC (EV Metals) planned to acquire battery materials business of Johnson Matthey PLC (Johnson Matthey), a London-based manufacturer of chemical products. Concurrently, EV Metals planned to acquire UK battery materials business of Johnson Matthey. The both transaction had a combined value for a total GBP 50 mil (USD 62.82 mil).",London,x
03/02/2022,United Kingdom,27.15,Kier Group PLC,0491563,Kier Property Ltd-Maidenhead Trade City Development,Public,"Residential construction, nec","Heavy construction, nec|Building cleaning and maintenance services, nec|Roofing, siding, and sheet metal work|Plumbing, heating and air conditioning|Plastering, drywall, acoustical & insulation work|Masonry, stone setting, and other stone work|Special trade contractors, nec|Engineering services|Water, sewer, pipeline & utility line construction|Carpentry work|Bridge, tunnel, and elevated highway construction|Electrical work|Nonresidential building construction, nec|Concrete work|Single-family housing construction|Residential construction, nec|Industrial buildings and warehouses|Highway and street construction|Floor laying and other floor work, nec",Real Estate,Real Estate Management & Development,United Kingdom,The Royal London Mutual Insurance Society Ltd,,Royal London Asset Management Ltd,,Financials,Asset Management,United Kingdom,Savills PLC,,Divestiture,"UK - Royal London Asset Management Ltd, a unit of Royal London Mutual Insurance Society Ltd, acquired maidenhead trade city development of Kier Property Ltd, a London-based provider of land subdivision services, ultimately owned by Kier Group PLC, for a total GBP 20 mil (USD 27.154 mil).",London,x
03/02/2022,United Kingdom,16.09,Kier Group PLC,0491563,Kier Property Ltd-Gravesend Trade City Development,Public,"Residential construction, nec","Masonry, stone setting, and other stone work|Heavy construction, nec|Highway and street construction|Concrete work|Engineering services|Plastering, drywall, acoustical & insulation work|Nonresidential building construction, nec|Special trade contractors, nec|Building cleaning and maintenance services, nec|Industrial buildings and warehouses|Plumbing, heating and air conditioning|Electrical work|Residential construction, nec|Bridge, tunnel, and elevated highway construction|Carpentry work|Water, sewer, pipeline & utility line construction|Floor laying and other floor work, nec|Single-family housing construction|Roofing, siding, and sheet metal work",Real Estate,Real Estate Management & Development,United Kingdom,Legal & General Group PLC,0560399,Industrial Property Investment Fund,,Real Estate,REITs,United Kingdom,Savills PLC,,Divestiture,"UK - Industrial Property Investment Fund, a unit of Legal & General Group PLC, acquired gravesend trade city development of Kier Property Ltd, a London-based provider of land subdivision services, ultimately owned by Kier Group PLC, for a total GBP 11.85 mil (USD 16.089 mil).",London,x
22/12/2021,United Kingdom,"1,032.40",Croda International PLC,BJFFLV0,Croda International PLC-Performance Technologies & Industrial Chemicals Businesses,Public,"Chemicals and chemical preparations, nec","Pesticides and agricultural chemicals, nec|Chemicals and allied products, nec|Medicinal chemicals and botanical products|Industrial inorganic chemicals, nec|Industrial organic chemicals, nec|Chemicals and chemical preparations, nec",Materials,Chemicals,United Kingdom,Cargill Inc,,Cargill Velocity Holdings Ltd,,Financials,Other Financials,United Kingdom,Centerview Partners LLC|Morgan Stanley & Co. Intl plc,HSBC Holdings PLC,Divestiture,"UK - Cargill Velocity Holdings Ltd, a unit of Cargill Inc, acquired an undisclosed majority ownership interest in performance technologies & industrial chemicalsbusinesses of Croda International PLC, a Goole-based manufacturer of chemical products, for an estimated GBP 778.285 mil (USD 1.032 bil). Originally in May 2021, Croda announced that it was seeking a buyer for its performance technologies & industrial chemicals businesses.",London,x
22/12/2021,United Kingdom,118.06,Spire Healthcare Group PLC,BNLPYF7,Spire Healthcare Group-Spire Cheshire Hospital,Public,General medical and surgical hospitals,Medical laboratories|General medical and surgical hospitals|Offices and clinics of doctors of medicine,Healthcare,Hospitals,United Kingdom,NWI Jersey Ltd,,NWI Jersey Ltd,,Financials,Other Financials,Jersey,,,Divestiture,"UK - NWI Jersey Ltd of Jersey planned to acquire spire cheshire hospital of Spire Healthcare Group, a London-based hospital operator, for a total GBP 89 mil (USD 118.059 mil).",London,x
20/12/2021,United Kingdom,96.93,Tesco PLC,BLGZ986,Tesco PLC-Supermarket,Public,Grocery stores,"Information retrieval services|Packaged frozen foods|Miscellaneous general merchandise stores|Catalog and mail-order houses|Meat and fish markets, incl. freezer provisioners|Grocery stores|Insurance agents, brokers, and service|Direct selling establishments|Groceries, general line|Fruit and vegetable markets",Retail,Food & Beverage Retailing,United Kingdom,Supermarket Income REIT Plc,BF345X1,Supermarket Income REIT Plc,BF345X1,Real Estate,REITs,United Kingdom,,,Divestiture,"UK - Supermarket Income REIT Plc, a unit of JTC Global AIFM Solutions Ltd, acquired supermarket of Tesco PLC, a Welwyn Garden City-based supermarket operator, for a total GBP 73.2 mil (USD 96.931 mil).",London,x
01/12/2021,United Kingdom,100.78,J Sainsbury PLC,B019KW7,J Sainsbury PLC-Supermarket,Public,Grocery stores,"Groceries, general line|Retail nurseries, lawn and garden supply stores|Grocery stores|Misc business credit|Real estate investment trusts|Personal credit institutions|Hardware stores",Retail,Food & Beverage Retailing,United Kingdom,Supermarket Income REIT Plc,BF345X1,Supermarket Income REIT Plc,BF345X1,Real Estate,REITs,United Kingdom,,Atrato Capital Ltd,Divestiture,"UK - Supermarket Income REIT Plc, a unit of JTC Global AIFM Solutions Ltd, acquired supermarket of J Sainsbury PLC, a London-based supermarket operator, for a total GBP 75.8 mil (USD 100.776 mil).",London,x
24/11/2021,United Kingdom,238.06,Johnson Matthey PLC,BZ4BQC7,Johnson Matthey PLC-Advanced Glass Technologies Business,Public,"Industrial inorganic chemicals, nec","Industrial organic chemicals, nec|Automobiles and other motor vehicles|Ophthalmic goods|Manufacturing industries, nec|Petroleum and petroleum products wholesalers, nec|Metals service centers and offices|Livestock|Grain and field beans|Farm-product raw materials, nec|Groceries and related products, nec|Business services, nec|Coal and other minerals and ores|Refrigeration equipment and supplies|Footwear|Paints, varnishes, lacquers, & allied products|Transportation equipment, except motor vehicles|Fish and seafoods|Construction materials, nec|Industrial machinery and equipment|Pesticides and agricultural chemicals, nec|Durable goods, nec|Stationery and office supplies|Photographic equipment and supplies|Electronic parts and equipment, nec|Electrical apparatus and equip|Medical, dental, and hospital equipment & supplies|Commercial equipment, nec|Computers and peripheral equipment and software|Service establishment equipment and supplies|Lumber, plywood, millwork, and wood panels|Office equipment|Men's and boys' clothing and furnishings|Sporting and recreational goods and supplies|Chemicals and allied products, nec|Fresh fruits and vegetables|Meats and meat products|Industrial and personal service paper|Industrial supplies|Paints, varnishes, and supplies|Nondurable goods, nec|Home furnishings|Confectionery|Furniture|Groceries, general line|Plastics materials and basic forms and shapes|Farm and garden machinery and equipment|Construction & mining (except petroleum) machinery|Packaged frozen foods|Dairy products, except dried or canned|Wine and distilled alcoholic beverages|Poultry and poultry products|Beer and ale|Industrial inorganic chemicals, nec|Chemicals and chemical preparations, nec|Piece goods, notions, and other dry goods|Printing and writing paper|Lead pencils, crayons, and artists' materials|Tires and tubes|Professional equipment and supplies, nec|Hardware|Motor vehicle parts, used|Toys and hobby goods and supplies|Scrap and waste materials|Electrical appliances, television and radio sets|Jewelry, watches, and precious stones and metals|Drugs, drug proprietaries, and druggists' sundries|Roofing, siding, and insulation materials|Automotive parts, supplies|Brick, stone, and related construction materials|Women's and children's clothing and accessories|Farm supplies|Warm air heating and air-conditioning equipment|Books, periodicals, and newspapers|Flowers, nursery stock, and florists' supplies|Tobacco and tobacco products|Plumbing & heating equipment & supplies(hydronics)",Materials,Chemicals,United Kingdom,Fenzi Holdings SPV SpA,,Fenzi Holdings SPV SpA,,Materials,Chemicals,Italy,Rothschild & Co,,Divestiture,"UK - Fenzi Holdings SPV SpA of Italy acquired advanced glass technologies business of Johnson Matthey PLC, a London-based manufacturer of chemical products, for a total GBP 178 mil (USD 238.057 mil).",London,x
04/10/2021,United Kingdom,13.54,Firstgroup PLC,0345217,Somerset Passenger Solutions Ltd,Public,"Railroads, line-haul operating","Rental of railroad cars|Intercity and rural bus transportation|Transportation services, nec|Offices of holding companies, nec|Local bus charter service|School buses|Local passenger transportation, nec|Railroads, line-haul operating|Railroad switching and terminal establishments|Arrangement of passenger transportation, nec|Bus charter service, except local|Local and suburban transit",Industrials,Transportation & Infrastructure,United Kingdom,Firstgroup PLC,0345217,First South West Ltd,,Industrials,Transportation & Infrastructure,United Kingdom,,,Divestiture,"UK - First South West Ltd, a unit of FirstGroup PLC, acquired the remaining 50% interest, which it did not already own, in Somerset Passenger Solutions Ltd, a Bridgwater-based motor vehicle transit systems operator, jointly owned by FirstGroup PLC and JJP Holdings (South West) Ltd, for a total GBP 10 mil (USD 13.545 mil). The consideration was to consist of GBP 8.4 mil (USD 11.378 mil) in cash plus up to GBP 1.6 mil (USD 2.167 mil) in profit-related payments.",London,x
04/10/2021,United Kingdom,277.67,Segro PLC,B5ZN1N8,Segro Plc-UK Big Box & Urban Assets,Public,General warehousing and storage,Real estate investment trusts|General warehousing and storage,Real Estate,Non Residential,United Kingdom,Schroders PLC,BP9LHF2,Schroders PLC,BP9LHF2,Financials,Asset Management,United Kingdom,,Gerald Eve,Divestiture,"UK - Schroders PLC acquired uk big box & urban assets of Segro Plc, a London-based lessor of nonresidential buildings, for a total GBP 205 mil (USD 277.673 mil).",London,x
01/10/2021,United Kingdom,83.53,Capita PLC,BPCT753,Capita Plc-Secure Solutions & Services Business,Public,Management consulting services,"Business consulting services, nec|Computer related services, nec|Investment advice|Employment agencies|Business services, nec|Data processing services|Security and commodity services, nec|Pension, health, and welfare funds|Insurance agents, brokers, and service|Management consulting services|Prepackaged Software",High Technology,IT Consulting & Services,United Kingdom,NEC Corp,6640400,NEC Software Solutions UK Ltd,,High Technology,Software,United Kingdom,PricewaterhouseCoopers,,Divestiture,"UK - NEC Software Solutions UK Ltd, a unit of NEC Corp, acquired secure solutions & services business of Capita Plc, a London-based provider of administrative management and general management consulting services, for a total GBP 62 mil (USD 83.526 mil).",London,x
08/09/2021,United Kingdom,"2,464.96",Smiths Group PLC,B1WY233,Smiths Medical 2020 Ltd,Public,"Mechanical power transmission equipment, nec","Mechanical power transmission equipment, nec",Healthcare,Healthcare Equipment & Supplies,United Kingdom,ICU Medical Inc,2451918,ICU Medical Inc,2451918,Healthcare,Healthcare Equipment & Supplies,United States,JP Morgan Cazenove|Gleacher Shacklock LLP|Goldman Sachs & Co,Barclays|Wells Fargo & Co|Morgan Stanley,Divestiture,"UK - Icu Medical Inc of the US acquired Smiths Medical 2020 Ltd (Smiths Medical), an Ashford-based manufacturer of medical instruments, from Smiths Group PLC, for a total GBP 1.789 bil (USD 2.465 bil). The consideration was to consist of GBP 1.342 bil (USD 1.85 bil) in cash plus issuance of 2.5 mil Smiths's new common shares valued at GBP 373.64 mil (USD 514.951 mil) and Up to GBP 72.558 mil (USD 100 mil) in profit-related payments. The shares were valued based on ICU's closing stock price GBP 140.456 (USD 205. 98) on 7 September 2021, the last full trading day prior to the announcement. Originally, Trulli Bidco Ltd, definitively agreed to acquire Smiths Medical. Subsequently, Trulli Bidco Ltd withdrawn its agreement to acquire Smiths Medical.",London,x
26/08/2021,United Kingdom,19.54,Forterra PLC,BYYW3C2,Forterra PLC - Swadlincote site,Public,Brick and structural clay tile,"Concrete block and brick|Brick and structural clay tile|Concrete products, except block and brick",Materials,Metals & Mining,United Kingdom,Undisclosed Acquiror,,Undisclosed Acquiror,,Financials,Brokerage,Unknown,,,Divestiture,"UK - Forterra PLC, a Northampton-based manufacturer of bricks and structural clay tiles, divested its swadlincote site to an undisclosed acquiror, for a total GBP 14.2 mil (USD 19.538 mil).",London,x
13/08/2021,United Kingdom,404.46,Babcock International Group PLC,0969703,Frazer-Nash Consultancy Ltd,Public,Engineering services,"Fabricated plate work (boiler shops)|Offices of holding companies, nec|Bridge, tunnel, and elevated highway construction|Oil and gas field machinery and equipment|Business consulting services, nec|Ship building and repairing|Engineering services|Special trade contractors, nec|Management services|Heavy construction, nec",Industrials,Building/Construction & Engineering,United Kingdom,KBR Inc,B1HHB18,KBR Inc,B1HHB18,Industrials,Building/Construction & Engineering,United States,Rothschild & Co,,Divestiture,"UK - KBR Inc of the US acquired Frazer-Nash Consultancy Ltd, a Dorking-based provider of engineering services, from Babcock International Group PLC, for GBP 293 mil (USD 404.457 mil) in cash.",London,x
15/06/2021,United Kingdom,96.94,GlaxoSmithKline PLC,BN7SWP6,GlaxoSmithKline PLC-OTC Brand,Public,Pharmaceutical preparations,"Commercial physical and biological research|Perfumes, cosmetics, and other toilet preparations|Medicinal chemicals and botanical products|Drugs, drug proprietaries, and druggists' sundries|Pharmaceutical preparations|Biological products, except diagnostic substances",Consumer Products and Services,Other Consumer Products,United Kingdom,Futrue GmbH,,PharmaSGP GmbH,,Retail,Other Retailing,Germany,,,Divestiture,"UK - PharmaSGP GmbH of Germany, a unit of PharmaSGP Holding SE, acquired otc brand of GlaxoSmithKline PLC, a Brentford-based manufacturer of pharmaceutical preparation, for a total GBP 68.696 mil (USD 96.944 mil).",London,x
25/01/2021,United Kingdom,88.67,J Sainsbury PLC,B019KW7,Sainsbury's Supermarkets Ltd,Public,Grocery stores,"Personal credit institutions|Misc business credit|Retail nurseries, lawn and garden supply stores|Hardware stores|Groceries, general line|Real estate investment trusts|Grocery stores",Retail,Discount and Department Store Retailing,United Kingdom,Supermarket Income REIT Plc,BF345X1,Supermarket Income REIT Plc,BF345X1,Real Estate,REITs,United Kingdom,,,Divestiture,"UK - Supermarket Income REIT PLC agreed to acquire Sainsbury's Supermarkets Ltd, a London-based department store operator, from J Sainsbury PLC and LaSalle Investment Management Inc, a unit of Jones Lang LaSalle Inc, for a total GBP 64.8 mil (USD 88.672 mil). Concurrently, Supermarket Income REIT PLC agreed to acquire Waitrose Ltd for a combined value of total GBP 64.8 mil (USD 88.672 mil).",London,x
22/12/2020,United Kingdom,215.41,SSE plc,0790873,SSE Plc-Gas Production Assets,Public,Electric services,"Electric and other services combined|Natural gas transmission and distribution|Gas and other services combined|Electric services|Gas production and/or distribution|Natural gas transmission|Combination utilities, nec|Crude petroleum and natural gas|Offices of holding companies, nec|Cogeneration, alternative energy sources|Natural gas distribution",Energy and Power,Oil & Gas,United Kingdom,Viaro Investment Ltd,,RockRose Energy Ltd,BYNFCH0,Energy and Power,Oil & Gas,United Kingdom,BofA Securities Inc,,Divestiture,"UK - RockRose Energy Ltd, a unit of Viaro Energy Ltd, acquired gas production assets of SSE Plc, a Perth-based hydroelectric power generation facility operator, for a total GBP 160 mil (USD 215.408 mil). The consideration consist of GBP 120 mil (USD 161.556 mil) in cash and Up to GBP 40 mil (USD 53.852 mil) in profit-related payments. Originally, SSE in May 2019 announced that it was seeking a buyer for its gas production assets.",London,x
15/12/2020,United Kingdom,257.51,Drax Group PLC,B1VNSX3,Drax Generation Enterprise Ltd,Public,Electric services,"Electric services|Electric and other services combined|Combination utilities, nec|Offices of holding companies, nec",Energy and Power,Alternative Energy Sources,United Kingdom,Vitol Netherlands Cooperatief UA,,VPI Holding Ltd,,Energy and Power,Alternative Energy Sources,United Kingdom,,UBS Investment Bank,Divestiture,"UK - VPI Holding Ltd acquired Drax Generation Enterprise Ltd, a Glasgow-based alternative energy sources establishment, from Drax Smart Generation Holdco Ltd, ultimately owned by Drax Group PLC, for a total GBP 193.3 mil (USD 257.514 mil).The consideration was to consist of GBP 164.3 mil (USD 218.88 mil) in cash plus GBP 29 mil (USD 38.634 mil) in profit-related payments.",London,x
15/12/2020,United Kingdom,257.51,Drax Group PLC,B1VNSX3,Drax Generation Enterprise Ltd,Public,Electric services,"Electric services|Electric and other services combined|Combination utilities, nec|Offices of holding companies, nec",Energy and Power,Alternative Energy Sources,United Kingdom,Vitol Netherlands Cooperatief UA,,VPI Holding Ltd,,Energy and Power,Alternative Energy Sources,United Kingdom,,UBS Investment Bank,Divestiture,"UK - VPI Holding Ltd acquired Drax Generation Enterprise Ltd, a Glasgow-based alternative energy sources establishment, from Drax Smart Generation Holdco Ltd, ultimately owned by Drax Group PLC, for a total GBP 193.3 mil (USD 257.514 mil).The consideration was to consist of GBP 164.3 mil (USD 218.88 mil) in cash plus GBP 29 mil (USD 38.634 mil) in profit-related payments.",London,x
07/12/2020,United Kingdom,37.62,Inchcape PLC,B61TVQ0,Inchcape PLC-BMW & MINI Sales Outlets (12),Public,Motor vehicle dealers (new and used),"Motor vehicle dealers (new and used)|Offices of holding companies, nec|Insurance agents, brokers, and service",Retail,Automotive Retailing,United Kingdom,Vertu Motors PLC,B1GK464,Vertu Motors PLC,B1GK464,Retail,Automotive Retailing,United Kingdom,,,Divestiture,"UK - Vertu Motors PLC acquired 12 bmw & mini sales outlets of Inchcape PLC, a London-based new car dealer, for a total GBP 28 mil (USD 37.624 mil).",London,x
01/12/2020,United Kingdom,133.21,Pets at Home Group PLC,BJ62K68,Pets At Home Group PLC-Specialist Group,Public,"Retail stores, nec","Retail stores, nec",Retail,Other Retailing,United Kingdom,Mars Inc,,Linnaeus Veterinary Ltd,,Consumer Products and Services,Professional Services,United Kingdom,,,Divestiture,"UK-Linnaeus Group Ltd acquired Specialist Group of Pets at Home Group Plc, for a total of GBP 100 mil (USD 133.21 mil). The consideration was to consist of GBP 80 mil (USD 106.568 mil) in cash and up to GBP 20 mil (USD 26.642 mil) in profit-related payments.",London,x
01/12/2020,United Kingdom,320.00,AstraZeneca PLC,,Astrazeneca-Crestor Medicine,Public,Pharmaceutical preparations,"Offices of holding companies, nec|Biological products, except diagnostic substances|Pharmaceutical preparations|Medicinal chemicals and botanical products|Commercial physical and biological research|Drugs, drug proprietaries, and druggists' sundries",Healthcare,Pharmaceuticals,United Kingdom,Gruenenthal GmbH,,Gruenenthal GmbH,,Healthcare,Pharmaceuticals,Germany,,,Divestiture,"UK - Gruenenthal GmbH of Germany acquired crestor medicine of Astrazeneca, a Cambridge-based manufacturer of pharmaceutical preparation, for GBP 240.222 mil (USD 320 mil).",London,x
19/11/2020,United Kingdom,140.00,BP plc,0798059,Bp Energy Do Brasil Ltda-Itaipu Field,Public,Petroleum refining,"Heavy construction, nec|Oil and gas field services, nec|Drilling oil and gas wells|Crude petroleum and natural gas|Offices of holding companies, nec|Crude petroleum pipelines|Combination utilities, nec|Electric services|Industrial organic chemicals, nec|Electric and other services combined|Oil and gas field exploration services|Petroleum refining",Energy and Power,Oil & Gas,Brazil,Petro Rio SA,BYY0144,Petro Rio SA,BYY0144,Energy and Power,Oil & Gas,Brazil,,,Divestiture,"BRAZIL - Petro Rio SA acquired a 60% interest in Itaipu field of BB Energy do Brasil Ltda, a Rio de Janeiro-based producer of crude petroleum and natural gas, ultimately owned by BP PLC. Concurrently, Petro Rio SA acquired a 35.7% ownership interest in Wahoo Field of BP Energy do Brasil Ltda. The transactions had a combined value of BRL 750.805 mil (USD 140 mil). The consideration consisted of BRL 536.289 mil (USD 100 mil) in cash and up to BRL 214.516 mil (USD 40 mil) in profit-related payments.",London,x
30/10/2020,United Kingdom,400.00,AstraZeneca PLC,,AstraZeneca PLC-Atacand & Atacand Plus,Public,Pharmaceutical preparations,"Commercial physical and biological research|Medicinal chemicals and botanical products|Offices of holding companies, nec|Pharmaceutical preparations|Biological products, except diagnostic substances|Drugs, drug proprietaries, and druggists' sundries",Healthcare,Pharmaceuticals,United Kingdom,Cheplapharm Arzneimittel GmbH,,Cheplapharm Arzneimittel GmbH,,Healthcare,Pharmaceuticals,Germany,,,Divestiture,"UK - Cheplapharm Arzneimittel GmbH of Germany acquired atacand & atacand plus of AstraZeneca PLC, a Cambridge-based manufacturer of pharmaceutical preparation, for GBP 309.454 mil (USD 400 mil) in cash.",London,x
29/10/2020,United Kingdom,68.93,J Sainsbury PLC,B019KW7,J Sainsbury PLC-Supermarket,Public,Grocery stores,"Groceries, general line|Real estate investment trusts|Grocery stores|Retail nurseries, lawn and garden supply stores|Hardware stores|Personal credit institutions|Misc business credit",Retail,Food & Beverage Retailing,United Kingdom,Supermarket Income REIT Plc,BF345X1,Supermarket Income REIT Plc,BF345X1,Real Estate,REITs,United Kingdom,,,Divestiture,"UK - Supermarket Income REIT PLC acquired supermarket of J Sainsbury PLC, a London-based supermarket operator, for a total GBP 53.1 mil (USD 68.929 mil).",London,x
15/10/2020,United Kingdom,14.05,BP plc,0798059,BP PLC- Service Stations(3),Public,Petroleum refining,"Drilling oil and gas wells|Heavy construction, nec|Offices of holding companies, nec|Crude petroleum pipelines|Electric services|Oil and gas field services, nec|Oil and gas field exploration services|Combination utilities, nec|Crude petroleum and natural gas|Petroleum refining|Industrial organic chemicals, nec|Electric and other services combined",Energy and Power,Oil & Gas,United Kingdom,LondonMetric Property PLC,B4WFW71,LondonMetric Property PLC,B4WFW71,Real Estate,REITs,United Kingdom,,,Divestiture,"UK - LondonMetric Property PLC acquired 3 service stations of BP PLC, a London-based petroleum refinery operator, for a total GBP 10.8 mil (USD 14.052 mil).",London,x
20/08/2020,United Kingdom,24.89,International Consolidated Airlines Group SA,B5M6XQ7,"Merlin Park,Portsmouth",Public,"Air transportation, scheduled","Air courier services|Air transportation, nonscheduled|Air transportation, scheduled",Real Estate,Non Residential,United Kingdom,National Australia Bank Ltd,6624608,Orchard Street Investment Management LLP,,Financials,Asset Management,United Kingdom,,,Divestiture,"UK - Orchard Street Investment Management LLP, a unit of NAB Asset Management, acquired Merlin Park, a Portsmouth-based lessor of miniwarehouses and self-storage units, from British Airways Pension Fund, owned by British Airways PLC, for a total GBP 19 mil (USD 24.886 mil).",London,x
03/06/2020,United Kingdom,163.14,SSE plc,0790873,Seagreen Wind Energy Ltd,Public,Electric services,"Electric and other services combined|Crude petroleum and natural gas|Cogeneration, alternative energy sources|Natural gas transmission|Natural gas transmission and distribution|Natural gas distribution|Gas and other services combined|Gas production and/or distribution|Offices of holding companies, nec|Electric services|Combination utilities, nec",Energy and Power,Alternative Energy Sources,United Kingdom,Total SA,B15C557,Total SA,B15C557,Energy and Power,Oil & Gas,France,,,Divestiture,"UK - Total SA of France agreed to acquire a 51% interest in Seagreen Wind Energy Ltd, a Reading-based alternative energy sources establishment, from SSE Renewables Holdings Ltd, ultimately owned by SSE PLC, for a total GBP 130 mil (USD 163.137 mil).",London,x
27/01/2020,United Kingdom,390.00,AstraZeneca PLC,,AstraZeneca PLC-Commercial Rights(5),Public,Pharmaceutical preparations,"Drugs, drug proprietaries, and druggists' sundries|Biological products, except diagnostic substances|Pharmaceutical preparations|Offices of holding companies, nec|Medicinal chemicals and botanical products|Commercial physical and biological research",Healthcare,Pharmaceuticals,United Kingdom,Triton Investments Advisers LLP,,Atnahs Pharma UK Ltd,,Healthcare,Pharmaceuticals,United Kingdom,,,Financial Acquiror|Divestiture,"UK - Atnahs Pharma UK Ltd, a unit of Triton Investments Advisers LLP, acquired 5 commercial rights of AstraZeneca PLC, a Cambridge-based manufacturer of pharmaceutical preparation, for GBP 298.256 mil (USD 390 mil). The consideration was to consist of GBP 267.666 mil (USD 350 mil) in cash and GBP 30.590 mil (USD 40 mil) in profit-related payments.",London,x
13/01/2020,United Kingdom,60.07,Travis Perkins PLC,BK9RKT0,Primaflow Ltd,Public,"Lumber, plywood, millwork, and wood panels","Construction materials, nec|Lumber, plywood, millwork, and wood panels|Brick, stone, and related construction materials",Industrials,Building/Construction & Engineering,United Kingdom,Newbury Investments (UK) Ltd,,Newbury Investments (UK) Ltd,,High Technology,Electronics,United Kingdom,Morgan Stanley,,Divestiture,"UK - Newbury Investments (UK) Ltd acquired Primaflow Ltd, a Northampton-based plumbing and heating equipment and supplies merchant wholesaler, from Travis Perkins PLC, for a total GBP 46 mil (USD 60.071 mil).",London,x
07/01/2020,United Kingdom,210.00,BP plc,0798059,BP PLC-Andrew Area Assets,Public,Petroleum refining,"Electric services|Heavy construction, nec|Crude petroleum pipelines|Drilling oil and gas wells|Combination utilities, nec|Industrial organic chemicals, nec|Petroleum refining|Offices of holding companies, nec|Crude petroleum and natural gas|Oil and gas field services, nec|Electric and other services combined|Oil and gas field exploration services",Energy and Power,Oil & Gas,United Kingdom,Premier Oil PLC,BMBVGQ3,Premier Oil PLC,BMBVGQ3,Energy and Power,Oil & Gas,United Kingdom,,Jefferies International Ltd|RBC Capital Markets|Lazard,Divestiture,"UK - Premier Oil PLC (Premier) agreed to acquire Andrew area assets of BP PLC, a London-based petroleum refinery operator. Concurrently Premier Oil PLC (POP) agreed to acquire a 27.5% stake in Shearwater Oil & Gas Field. The two transactions had a combine value of sweetened GBP 166.746 mil (USD 210 mil) in cash. Originally, Premier offered GBP 474.672 mil (USD 625.001 mil).",London,x
23/12/2019,United Kingdom,136.52,Centrica PLC,B033F22,Centrica Plc-382 MW King's Lynn Combined Cycle Gas Turbine,Public,Natural gas transmission,"Electric services|Natural gas transmission and distribution|Natural gas distribution|Gas production and/or distribution|Gas and other services combined|Combination utilities, nec|Natural gas transmission|Electric and other services combined",Energy and Power,Power,United Kingdom,RWE AG,4768962,RWE Generation SE,,Energy and Power,Power,Germany,,,Divestiture,"UK - RWE Generation SE of Germany, a unit of RWE AG, acquired 382 mw king's lynn combined cycle gas turbine of Centrica PLC, a Windsor-based electric power distributor, for a total GBP 105 mil (USD 136.521 mil).",London,x
20/12/2019,United Kingdom,198.00,AstraZeneca PLC,,Astrazeneca PLC-Arimidex & Casodex,Public,Pharmaceutical preparations,"Pharmaceutical preparations|Medicinal chemicals and botanical products|Commercial physical and biological research|Drugs, drug proprietaries, and druggists' sundries|Biological products, except diagnostic substances|Offices of holding companies, nec",Healthcare,Pharmaceuticals,United Kingdom,Juvise Pharmaceuticals SAS,,Juvise Pharmaceuticals SAS,,Healthcare,Pharmaceuticals,France,,Lazard,Divestiture,"UK - Laboratoires Juvise Pharmaceuticals of France agreed to acquire arimidex & casodex of Astrazeneca PLC, a Cambridge-based manufacturer of pharmaceutical preparation, for GBP 152.226 mil (USD 198 mil). The consideration was to consist of GBP 139.156 mil (USD 181 mil) in cash and GBP 13.07 mil (USD 17 mil) in profit-related payments.",London,x
10/12/2019,United Kingdom,316.75,Segro PLC,B5ZN1N8,Segro PLC-Seven Uk Big Box Warehouses,Public,General warehousing and storage,Real estate investment trusts|General warehousing and storage,Industrials,Other Industrials,United Kingdom,Investor Group,,Investor Group,,Financials,Other Financials,United States,,,Divestiture|Acquiror Is An Investor Group,"UK - An investor group, comprised of Morgan Stanley Real Estate Investing, a unit of Morgan Stanley Real EstateFund LP and Thor Equities LLC agreed to acquire seven uk big box warehouses of Segro PLC, a London-based lessor of nonresidential buildings, for a total GBP 241 mil (USD 316.746 mil).",London,x
18/11/2019,United Kingdom,299.26,Sage Group plc,B8C3BL0,Sage Pay Europe Ltd,Public,Prepackaged Software,Computer programming services|Prepackaged Software,Financials,Other Financials,United Kingdom,"US Bancorp,Minneapolis,MN",2736035,Elavon Inc,,High Technology,Computers & Peripherals,United States,Rothschild & Co|Morgan Stanley|Citi,,Divestiture,"UK - Elavon Inc of the US, a unit of US Bancorp,Minneapolis,Minnesota, acquired Sage Pay Europe Ltd, a Newcastle upon Tyne-based provider of financial transactions services, from Sage Group PLC, for GBP 232 mil (USD 299.257 mil) in cash. Originally, in Sept 2019, Sage Group announced that it was seeking a buyer for its Sage Pay.",London,x
08/11/2019,United Kingdom,186.56,ITV PLC,3398649,ITV Global Entertainment Ltd-London Television Centre,Public,Television broadcasting stations,"Cable and other pay television services|Television broadcasting stations|Motion picture and video tape production|Phonograph records, prerecorded audio tapes & disks",Media and Entertainment,Broadcasting,United Kingdom,Mitsubishi Estate Co Ltd,6596729,Mitsubishi Estate London Ltd,,Real Estate,REITs,United Kingdom,,,Divestiture,"UK - Mitsubishi Estate London Ltd, a unit of Mitsubishi Estate Co Ltd, planned to acquire london television centre of ITV Global Entertainment Ltd, a London-based producer of motion pictures and videos, ultimately owned by ITV PLC, for a total GBP 145.6 mil (USD 186.557 mil).",London,x
30/10/2019,United Kingdom,180.11,Future PLC,BYZN904,TI Media Ltd,Public,"Periodicals: publishing, or publishing & printing","Computer programming services|Information retrieval services|Computer related services, nec|Periodicals: publishing, or publishing & printing",Media and Entertainment,Publishing,United Kingdom,Future PLC,BYZN904,Future Holdings 2002 Ltd,,Media and Entertainment,Publishing,United Kingdom,,,Divestiture,"UK - Future Holdings 2002 Ltd, a unit of Future PLC, acquired TI Media Ltd, a London-based periodical publisher, for a total GBP 140 mil (USD 180.11 mil).",London,x
11/10/2019,United Kingdom,75.14,J Sainsbury PLC,B019KW7,J Sainsbury Plc-Supermarket Store,Public,Grocery stores,"Grocery stores|Hardware stores|Retail nurseries, lawn and garden supply stores|Real estate investment trusts|Groceries, general line|Misc business credit|Personal credit institutions",Retail,Food & Beverage Retailing,United Kingdom,Supermarket Income REIT Plc,BF345X1,Supermarket Income REIT Plc,BF345X1,Real Estate,REITs,United Kingdom,,,Divestiture,"UK - Supermarket Income REIT PLC acquired supermarket store of J Sainsbury Plc, a London-based supermarket operator and Legal & General Group PLC, for a total GBP 60.4 mil (USD 75.138 mil).",London,x
10/10/2019,United Kingdom,122.04,Inchcape PLC,B61TVQ0,Inchcape Fleet Solutions Ltd,Public,Motor vehicle dealers (new and used),"Insurance agents, brokers, and service|Motor vehicle dealers (new and used)|Offices of holding companies, nec",Consumer Products and Services,Professional Services,United Kingdom,Toyota Fleet Mobility GmbH,,Toyota Fleet Mobility GmbH,,Industrials,Transportation & Infrastructure,Germany,Lazard,,Divestiture,"UK - Toyota Fleet Mobility GmbH of Germany planned to acquire Inchcape Fleet Solutions Ltd, a Birmingham-based provider of passenger car leasing services, from Inchcape PLC, for a total GBP 100 mil (USD 122.04 mil).",London,x
02/10/2019,United Kingdom,13.90,Naked Wines PLC,B021F83,Lay & Wheeler Ltd,Public,Liquor stores,"Liquor stores|Wine and distilled alcoholic beverages|Beer and ale|Offices of holding companies, nec",Retail,Food & Beverage Retailing,United Kingdom,Coterie Ltd,,Coterie Ltd,,Financials,Other Financials,United Kingdom,Cavendish Corporate Finance|Investec Bank PLC,,Divestiture,"UK - Coterie Ltd acquired the entire share capital of Lay & Wheeler Ltd, a Holton -based packaged alcoholic beverages retailer, from Naked Wines PLC. Concurrently, Coterie Ltd acquired the entire share capital of Vinotheque Holdings Ltd. The two transactions had a combined value of GBP 11.3 mil (USD 13.9 mil).",London,x
16/09/2019,United Kingdom,15.53,Spire Healthcare Group PLC,BNLPYF7,Spire Healthcare Group Plc-Cancer Centre (2),Public,General medical and surgical hospitals,General medical and surgical hospitals|Medical laboratories|Offices and clinics of doctors of medicine,Healthcare,Hospitals,United Kingdom,Genesis Cancer Care UK Ltd,,Genesis Cancer Care UK Ltd,,Healthcare,Healthcare Providers & Services (HMOs),United Kingdom,,,Divestiture,"UK - Genesis Cancer Care UK Ltd acquired 2 cancer centre of Spire Healthcare Group Plc, a London-based hospital operator, for a total GBP 12 mil (USD 15.528 mil).",London,x
27/08/2019,United Kingdom,66.45,J Sainsbury PLC,B019KW7,J Sainsbury PLC-Supermarket Store,Public,Grocery stores,"Real estate investment trusts|Grocery stores|Groceries, general line|Hardware stores|Retail nurseries, lawn and garden supply stores|Personal credit institutions|Misc business credit",Retail,Food & Beverage Retailing,United Kingdom,Supermarket Income REIT Plc,BF345X1,Supermarket Income REIT Plc,BF345X1,Real Estate,REITs,United Kingdom,,,Divestiture,"UK - Supermarket Income REIT PLC planned to acquire supermarket store of J Sainsbury PLC, a London-based supermarket operator, for a total GBP 54.4 mil (USD 66.45 mil).",London,x
11/06/2019,United Kingdom,18.26,Essentra PLC,B074435,Essentra Plc-Extrusion Business,Public,"Plastics products, nec","Offices of holding companies, nec|Plastics products, nec|Manmade organic fibers, except cellulosic|Plastics materials and basic forms and shapes",Materials,Containers & Packaging,United Kingdom,Inter Primo A/S,,Inter Primo A/S,,Materials,Other Materials,Denmark,,,Divestiture,"UK - Inter Primo A/S of Denmark acquired extrusion business of Essentra Plc, a Milton Keynes-based manufacturer of plastics products, for a total GBP 14.4 mil (USD 18.264 mil).",London,x
28/05/2019,United Kingdom,"1,327.09",Galliford Try Holdings PLC,BKY40Q3,"Linden Ltd,Galliford Try Employment Ltd",Public,"Residential construction, nec","Floor laying and other floor work, nec|Residential construction, nec|Roofing, siding, and sheet metal work|Single-family housing construction|Concrete work|Highway and street construction|Electrical work|Bridge, tunnel, and elevated highway construction|Water, sewer, pipeline & utility line construction|Special trade contractors, nec|Nonresidential building construction, nec|Carpentry work|Masonry, stone setting, and other stone work|Plastering, drywall, acoustical & insulation work|Plumbing, heating and air conditioning|Industrial buildings and warehouses|Heavy construction, nec",Industrials,Building/Construction & Engineering,United Kingdom,Bovis Homes Group PLC,0185929,Bovis Homes Group PLC,0185929,Real Estate,Other Real Estate,United Kingdom,HSBC Holdings PLC|Rothschild & Co|Peel Hunt LLP,Numis Securities Ltd|Lazard,Divestiture,"UK - Bovis Homes Group PLC (Bovis) acquired Linden Ltd and Galliford Try Employment Ltd, housing constructor, from Galliford Try PLC, sweetened for an estimated value of GBP 1.075 bil (USD 1.327 bil). The consideration was to consist of GBP 300 mil (USD 370.35 mil) in cash, GBP 100 mil (USD 123.45 mil) assumption of liabilities and GBP 675 mil (USD 833.288 mil) new ordinary share. The shares were valued based on Bovis's closing stock price of GBP 10.59 (USD 13.073) on 09 September 2019, the last full trading day prior to the announcement. Originally, Bovis offered GBP 950 mil (USD 1.204 bil) new ordinary shares and GBP 100 mil (USD 126.77 mil) assumption of liabilities.",London,x
21/05/2019,United Kingdom,320.95,Tesco PLC,BLGZ986,Tesco Personal Finance Plc-Mortgages Portfolio,Public,Grocery stores,"Direct selling establishments|Meat and fish markets, incl. freezer provisioners|Insurance agents, brokers, and service|Fruit and vegetable markets|Miscellaneous general merchandise stores|Catalog and mail-order houses|Groceries, general line|Grocery stores|Packaged frozen foods|Information retrieval services",Financials,Brokerage,United Kingdom,Lloyds Banking Group PLC,0870612,Halifax Bank of Scotland PLC {HBOS},3058750,Financials,Banks,United Kingdom,Citi,,Divestiture,"UK - Halifax Bank of Scotland PLC{HBOS}, a unit of Lloyds Banking Group PLC, planned to acquire mortgages portfolio of Tesco Personal Finance PLC, an Edinburgh-based insurance agency, ultimately owned by Tesco PLC, for GBP 266 mil (USD 320.956 mil) in cash.",London,x
22/04/2019,United Kingdom,557.19,J Sainsbury PLC,B019KW7,BL Sainsbury Superstores Ltd-Superstores(12),Public,Grocery stores,"Real estate investment trusts|Grocery stores|Retail nurseries, lawn and garden supply stores|Groceries, general line|Misc business credit|Hardware stores|Personal credit institutions",Retail,Other Retailing,United Kingdom,Realty Income Corp,2724193,Realty Income Corp,2724193,Real Estate,REITs,United States,,UBS Investment Bank,Divestiture,"UK - Realty Income Corp of the US acquired 12 superstores of BL Sainsbury Superstores Ltd, a London-based commercial building constructor, jointly owned by J Sainsbury PLC and The British Land Co PLC, for GBP 429 mil (USD 557.185 mil).",London,x
25/01/2019,United Kingdom,326.60,Fuller Smith & Turner PLC,B1YPC34,The Fuller's Beer Co Ltd,Public,Drinking places (alcoholic beverages),"Footwear|Piece goods, notions, and other dry goods|Office equipment|Miscellaneous publishing|Women's and children's clothing and accessories|Automobiles and other motor vehicles|Professional equipment and supplies, nec|Offices of holding companies, nec|Toys and hobby goods and supplies|Transportation equipment, except motor vehicles|Malt beverages|Livestock|Dairy products, except dried or canned|Sporting and recreational goods and supplies|Durable goods, nec|Groceries and related products, nec|Automotive parts, supplies|Motor vehicle parts, used|Roofing, siding, and insulation materials|Electrical apparatus and equip|Industrial supplies|Wine and distilled alcoholic beverages|Jewelry, watches, and precious stones and metals|Plastics materials and basic forms and shapes|Books, periodicals, and newspapers|Flowers, nursery stock, and florists' supplies|Distilled and blended liquors|Business services, nec|Wines, brandy, and brandy spirits|Fish and seafoods|Poultry and poultry products|Men's and boys' clothing and furnishings|Chemicals and allied products, nec|Paints, varnishes, and supplies|Beer and ale|Electrical appliances, television and radio sets|Farm-product raw materials, nec|Commercial equipment, nec|Computers and peripheral equipment and software|Liquor stores|Confectionery|Photographic equipment and supplies|Greeting cards|Hotels and motels|Information retrieval services|Packaged frozen foods|Metals service centers and offices|Petroleum and petroleum products wholesalers, nec|Newspapers: publishing, or publishing & printing|Scrap and waste materials|Groceries, general line|Service establishment equipment and supplies|Construction materials, nec|Industrial machinery and equipment|Coal and other minerals and ores|Membership-basis organization hotels|Ophthalmic goods|Medical, dental, and hospital equipment & supplies|Construction & mining (except petroleum) machinery|Furniture|Electronic parts and equipment, nec|Grain and field beans|Books: publishing, or publishing & printing|Brick, stone, and related construction materials|Tires and tubes|Tobacco and tobacco products|Industrial and personal service paper|Fresh fruits and vegetables|Stationery and office supplies|Meats and meat products|Warm air heating and air-conditioning equipment|Farm supplies|Drugs, drug proprietaries, and druggists' sundries|Computer related services, nec|Periodicals: publishing, or publishing & printing|Home furnishings|Nondurable goods, nec|Printing and writing paper|Lumber, plywood, millwork, and wood panels|Refrigeration equipment and supplies|Drinking places (alcoholic beverages)|Farm and garden machinery and equipment|Hardware|Plumbing & heating equipment & supplies(hydronics)",Consumer Staples,Food and Beverage,United Kingdom,Asahi Group Holdings Ltd,6054409,Asahi Europe Ltd,,Consumer Staples,Food and Beverage,United Kingdom,Rothschild & Co,Nomura Securities|KPMG Azsa LLC,Divestiture,"UK - Asahi Europe Ltd (Asahi), a wholly-owned unit of Asahi Group Holdings Ltd acquired the entire share capital of The Fuller's Beer Co Ltd, a London-based brewery, from Fuller Smith & Turner PLC (Fuller). Concurrently, Asahi agreed to acquire the entire share capital of The Dark Star Brewing Co Ltd, Nectar Imports Ltd and Cornish Orchards Ltd. The four transactions were to have a combined value of GBP 250 mil (USD 326.6 mil) in cash.",London,x
14/01/2019,United Kingdom,48.00,Essentra PLC,B074435,Essentra PLC-Pipe Protection Technologies Business,Public,"Plastics products, nec","Offices of holding companies, nec|Manmade organic fibers, except cellulosic|Plastics materials and basic forms and shapes|Plastics products, nec",Industrials,Other Industrials,United Kingdom,National Oilwell Varco Inc,BN2RYW9,National Oilwell Varco Inc,BN2RYW9,Energy and Power,Oil & Gas,United States,Lincoln International,,Divestiture,"UK - National Oilwell Varco Inc of the US acquired pipe protection technologies business of Essentra PLC, a Milton Keynes-based manufacturer of plastics products, for a total GBP 37.38 mil (USD 48 mil) in cash.",London,x
11/01/2019,United Kingdom,47.80,J Sainsbury PLC,B019KW7,J Sainsbury PLC-Retail Park,Public,Grocery stores,"Retail nurseries, lawn and garden supply stores|Misc business credit|Grocery stores|Real estate investment trusts|Personal credit institutions|Hardware stores|Groceries, general line",Retail,Other Retailing,United Kingdom,Palmer Capital Ltd,,Palmer Capital Ltd,,Real Estate,Real Estate Management & Development,United Kingdom,,,Divestiture,"UK - Palmer Capital Ltd acquired retail park of J Sainsbury PLC, a London-based supermarket operator, for a total GBP 37.5 mil (USD 47.801 mil).",London,x
19/11/2018,United Kingdom,44.93,Mitie Group PLC,0465740,Mitie Property Management Ltd,Public,Facilities support management services,"Building cleaning and maintenance services, nec|Employment agencies|Detective, guard, and armored car services|Offices of holding companies, nec|Computer facilities management services|Facilities support management services",Real Estate,Real Estate Management & Development,United Kingdom,Mears Group PLC,0563042,Mears Group PLC,0563042,Consumer Products and Services,Professional Services,United Kingdom,Evercore Partners,,Divestiture,"UK - Mears Group PLC (Mears) agreed to acquire the entire share capital of Mitie Property Management Ltd, a London-based provider of real estate services, from Mitie Group PLC. Concurrently Mears agreed to acquire the entire share capital of MPS Housing Ltd. The transactions had a combined value of GBP 35 mil (USD 44.93 mil). The consideration was to consist of GBP 22.5 mil (USD 28.883 mil) in cash and GBP 12.5 mil (USD 16.046 mil) in profit-related payments.",London,x
08/10/2018,United Kingdom,18.37,Compass Group PLC,BD6K457,Vision Security Group Ltd,Public,Eating places,"Hotels and motels|Eating places|Theatrical producers & services|Offices of holding companies, nec|Membership-basis organization hotels|Transportation services, nec",Consumer Products and Services,Professional Services,United Kingdom,Mitie Group PLC,0465740,Mitie Group PLC,0465740,Consumer Products and Services,Professional Services,United Kingdom,Deloitte & Touche,Evercore Partners,Divestiture,"UK - Mitie Group PLC planned to acquire Vision Security Group Ltd, a Northampton-based provider of security guard and patrol services, from Compass Group PLC, for a total GBP 14 mil (USD 18.371 mil).",London,x
01/10/2018,United Kingdom,52.11,Mitie Group PLC,0465740,Mitie Pest Control Ltd,Public,Facilities support management services,"Building cleaning and maintenance services, nec|Offices of holding companies, nec|Computer facilities management services|Employment agencies|Detective, guard, and armored car services|Facilities support management services",Consumer Products and Services,Professional Services,United Kingdom,Rentokil Initial PLC,B082RF1,Rentokil Initial PLC,B082RF1,Consumer Products and Services,Other Consumer Products,United Kingdom,,,Divestiture,"UK - Rentokil Initial PLC has acquired the entire share capital of Mitie Pest Control LTD, a Southwark-based provider of facilities support services, from Mitie Group PLC, for a total GBP 40 mil (USD 52.112 mil).",London,x
25/09/2018,United Kingdom,154.80,SSE plc,0790873,Seagreen Wind Energy Ltd,Public,Electric services,"Electric and other services combined|Crude petroleum and natural gas|Cogeneration, alternative energy sources|Gas production and/or distribution|Natural gas distribution|Natural gas transmission and distribution|Gas and other services combined|Natural gas transmission|Combination utilities, nec|Offices of holding companies, nec|Electric services",Energy and Power,Alternative Energy Sources,United Kingdom,SSE plc,0790873,SSE Renewables Holdings Ltd,,Energy and Power,Alternative Energy Sources,Ireland,,,Divestiture,"UK - SSE Renewables Holdings Ltd of Republic of Ireland, a unit of SSE PLC, acquired the remaining 50% interest, which it did not already own, in Seagreen Wind Energy Ltd, alternative energy sources establishment, for a total GBP 118 mil (USD 154.804 mil).",London,x
19/09/2018,United Kingdom,56.53,Balfour Beatty PLC,0096162,Fife Hospital,Public,Engineering services,"Offices of holding companies, nec|Industrial buildings and warehouses|Nonresidential building construction, nec|Land subdividers and developers, except cemeteries|Engineering services|Heavy construction, nec",Healthcare,Hospitals,United Kingdom,Semperian PPP Investment Partners Group Ltd,,Semperian PPP Investment Partners Group Ltd,,Financials,Asset Management,United Kingdom,,,Divestiture,"UK - Semperian PPP Investment Partners Group Ltd acquired a 50% interest in Fife Hospital, a Fife-based hospital operator, from Balfour Beatty Plc, for a total GBP 43 mil (USD 56.532 mil) in cash.",London,x
,,,,,,,,,,,,,,,,,,,,,,,,
,,,,,,,,,,,,,,,,,,,,,,,,
,,,,,,,,,,,,,,,,,,,,,,,,
,,,,,,,,,,,,,,,,,,,,,,,,
,,,,,,,,,,,,,,,,,,,,,,,,
,,,,,,,,,,,,,,,,,,,,,,,,
,,,,,,,,,,,,,,,,,,,,,,,,
,,,,,,,,,,,,,,,,,,,,,,,,
,,,,,,,,,,,,,,,,,,,,,,,,
,,,,,,,,,,,,,,,,,,,,,,,,
,,,,,,,,,,,,,,,,,,,,,,,,
,,,,,,,,,,,,,,,,,,,,,,,,
,,,,,,,,,,,,,,,,,,,,,,,,
,,,,,,,,,,,,,,,,,,,,,,,,
,,,,,,,,,,,,,,,,,,,,,,,,
,,,,,,,,,,,,,,,,,,,,,,,,
,,,,,,,,,,,,,,,,,,,,,,,,
,,,,,,,,,,,,,,,,,,,,,,,,
,,,,,,,,,,,,,,,,,,,,,,,,
,,,,,,,,,,,,,,,,,,,,,,,,
,,,,,,,,,,,,,,,,,,,,,,,,
,,,,,,,,,,,,,,,,,,,,,,,,
,,,,,,,,,,,,,,,,,,,,,,,,
,,,,,,,,,,,,,,,,,,,,,,,,
,,,,,,,,,,,,,,,,,,,,,,,,
,,,,,,,,,,,,,,,,,,,,,,,,
,,,,,,,,,,,,,,,,,,,,,,,,
,,,,,,,,,,,,,,,,,,,,,,,,
,,,,,,,,,,,,,,,,,,,,,,,,
,,,,,,,,,,,,,,,,,,,,,,,,
,,,,,,,,,,,,,,,,,,,,,,,,
,,,,,,,,,,,,,,,,,,,,,,,,
,,,,,,,,,,,,,,,,,,,,,,,,
,,,,,,,,,,,,,,,,,,,,,,,,
,,,,,,,,,,,,,,,,,,,,,,,,
,,,,,,,,,,,,,,,,,,,,,,,,
,,,,,,,,,,,,,,,,,,,,,,,,
,,,,,,,,,,,,,,,,,,,,,,,,
,,,,,,,,,,,,,,,,,,,,,,,,
,,,,,,,,,,,,,,,,,,,,,,,,
,,,,,,,,,,,,,,,,,,,,,,,,
,,,,,,,,,,,,,,,,,,,,,,,,
,,,,,,,,,,,,,,,,,,,,,,,,
,,,,,,,,,,,,,,,,,,,,,,,,
,,,,,,,,,,,,,,,,,,,,,,,,
,,,,,,,,,,,,,,,,,,,,,,,,
,,,,,,,,,,,,,,,,,,,,,,,,
,,,,,,,,,,,,,,,,,,,,,,,,
,,,,,,,,,,,,,,,,,,,,,,,,
,,,,,,,,,,,,,,,,,,,,,,,,
,,,,,,,,,,,,,,,,,,,,,,,,
,,,,,,,,,,,,,,,,,,,,,,,,
,,,,,,,,,,,,,,,,,,,,,,,,
,,,,,,,,,,,,,,,,,,,,,,,,
,,,,,,,,,,,,,,,,,,,,,,,,
,,,,,,,,,,,,,,,,,,,,,,,,
,,,,,,,,,,,,,,,,,,,,,,,,
,,,,,,,,,,,,,,,,,,,,,,,,
,,,,,,,,,,,,,,,,,,,,,,,,
,,,,,,,,,,,,,,,,,,,,,,,,
,,,,,,,,,,,,,,,,,,,,,,,,
,,,,,,,,,,,,,,,,,,,,,,,,
,,,,,,,,,,,,,,,,,,,,,,,,
,,,,,,,,,,,,,,,,,,,,,,,,
,,,,,,,,,,,,,,,,,,,,,,,,
,,,,,,,,,,,,,,,,,,,,,,,,
,,,,,,,,,,,,,,,,,,,,,,,,
,,,,,,,,,,,,,,,,,,,,,,,,
,,,,,,,,,,,,,,,,,,,,,,,,
,,,,,,,,,,,,,,,,,,,,,,,,
,,,,,,,,,,,,,,,,,,,,,,,,
,,,,,,,,,,,,,,,,,,,,,,,,
,,,,,,,,,,,,,,,,,,,,,,,,
,,,,,,,,,,,,,,,,,,,,,,,,
,,,,,,,,,,,,,,,,,,,,,,,,
,,,,,,,,,,,,,,,,,,,,,,,,
,,,,,,,,,,,,,,,,,,,,,,,,
,,,,,,,,,,,,,,,,,,,,,,,,
,,,,,,,,,,,,,,,,,,,,,,,,
,,,,,,,,,,,,,,,,,,,,,,,,
,,,,,,,,,,,,,,,,,,,,,,,,
,,,,,,,,,,,,,,,,,,,,,,,,
,,,,,,,,,,,,,,,,,,,,,,,,
,,,,,,,,,,,,,,,,,,,,,,,,
,,,,,,,,,,,,,,,,,,,,,,,,
,,,,,,,,,,,,,,,,,,,,,,,,
,,,,,,,,,,,,,,,,,,,,,,,,
,,,,,,,,,,,,,,,,,,,,,,,,
,,,,,,,,,,,,,,,,,,,,,,,,
,,,,,,,,,,,,,,,,,,,,,,,,
,,,,,,,,,,,,,,,,,,,,,,,,
,,,,,,,,,,,,,,,,,,,,,,,,
,,,,,,,,,,,,,,,,,,,,,,,,
,,,,,,,,,,,,,,,,,,,,,,,,
,,,,,,,,,,,,,,,,,,,,,,,,
,,,,,,,,,,,,,,,,,,,,,,,,
,,,,,,,,,,,,,,,,,,,,,,,,
,,,,,,,,,,,,,,,,,,,,,,,,
,,,,,,,,,,,,,,,,,,,,,,,,
,,,,,,,,,,,,,,,,,,,,,,,,
,,,,,,,,,,,,,,,,,,,,,,,,
,,,,,,,,,,,,,,,,,,,,,,,,
,,,,,,,,,,,,,,,,,,,,,,,,
,,,,,,,,,,,,,,,,,,,,,,,,
,,,,,,,,,,,,,,,,,,,,,,,,
,,,,,,,,,,,,,,,,,,,,,,,,
,,,,,,,,,,,,,,,,,,,,,,,,
,,,,,,,,,,,,,,,,,,,,,,,,
,,,,,,,,,,,,,,,,,,,,,,,,
,,,,,,,,,,,,,,,,,,,,,,,,
,,,,,,,,,,,,,,,,,,,,,,,,
,,,,,,,,,,,,,,,,,,,,,,,,
,,,,,,,,,,,,,,,,,,,,,,,,
,,,,,,,,,,,,,,,,,,,,,,,,
,,,,,,,,,,,,,,,,,,,,,,,,
,,,,,,,,,,,,,,,,,,,,,,,,
,,,,,,,,,,,,,,,,,,,,,,,,
,,,,,,,,,,,,,,,,,,,,,,,,
,,,,,,,,,,,,,,,,,,,,,,,,
,,,,,,,,,,,,,,,,,,,,,,,,
,,,,,,,,,,,,,,,,,,,,,,,,
,,,,,,,,,,,,,,,,,,,,,,,,
,,,,,,,,,,,,,,,,,,,,,,,,
,,,,,,,,,,,,,,,,,,,,,,,,
,,,,,,,,,,,,,,,,,,,,,,,,
,,,,,,,,,,,,,,,,,,,,,,,,
,,,,,,,,,,,,,,,,,,,,,,,,
,,,,,,,,,,,,,,,,,,,,,,,,
,,,,,,,,,,,,,,,,,,,,,,,,
,,,,,,,,,,,,,,,,,,,,,,,,
,,,,,,,,,,,,,,,,,,,,,,,,
,,,,,,,,,,,,,,,,,,,,,,,,
,,,,,,,,,,,,,,,,,,,,,,,,
,,,,,,,,,,,,,,,,,,,,,,,,
,,,,,,,,,,,,,,,,,,,,,,,,
,,,,,,,,,,,,,,,,,,,,,,,,
,,,,,,,,,,,,,,,,,,,,,,,,